team_id,player_name,position_group,roster_status
BOS,Hannah Brandt,F,active
BOS,Ella Huber,F,active
BOS,Laura Kluge,F,active
BOS,Shay Maloney,F,active
BOS,Olivia Mobley,F,active
BOS,Alina Müller,F,active
BOS,Abby Newhook,F,active
BOS,Jamie Lee Rattray,F,active
BOS,Jill Saulnier,F,active
BOS,Theresa Schafzahl,F,active
BOS,Liz Schepers,F,active
BOS,Sophie Shirley,F,active
BOS,Susanna Tapani,F,active
BOS,Zoe Boyd,D,active
BOS,Riley Brengman,D,active
BOS,Hadley Hartmetz,D,active
BOS,Megan Keller,D,active
BOS,Rylind MacKinnon,D,active
BOS,Daniela Pejšová,D,active
BOS,Haley Winn,D,active
BOS,Aerin Frankel,G,active
BOS,Abbey Levy,G,active
BOS,Amanda Thiele,G,active
MIN,Peyton Anderson,F,active
MIN,Claire Butorac,F,active
MIN,Britta Curl-Salemme,F,active
MIN,Kendall Coyne Schofield,F,active
MIN,Taylor Heise,F,active
MIN,Abby Hustler,F,active
MIN,Klára Hymlárová,F,active
MIN,Katy Knoll,F,active
MIN,Denisa Křížová,F,active
MIN,Kelly Pannek,F,active
MIN,Dominique Petrie,F,active
MIN,Vanessa Upson,F,active
MIN,Grace Zumwinkle,F,active
MIN,Mae Batherson,D,active
MIN,Brooke Becker,D,active
MIN,Madison Bizal,D,active
MIN,Natalie Buchbinder,D,active
MIN,Kendall Cooper,D,active
MIN,Sidney Morin,D,active
MIN,Lee Stecklein,D,active
MIN,Marlène Boissonnault,G,active
MIN,Nicole Hensley,G,active
MIN,Maddie Rooney,G,active
MTL,Shiann Darkangelo,F,active
MTL,Jade Downie-Landry,F,active
MTL,Catherine Dubois,F,active
MTL,Dara Greig,F,active
MTL,Skylar Irving,F,active
MTL,Alexandra Labelle,F,active
MTL,Natálie Mlýnková,F,active
MTL,Maureen Murphy,F,active
MTL,Marie-Philip Poulin,F,active
MTL,Abby Roque,F,active
MTL,Hayley Scamurra,F,active
MTL,Laura Stacey,F,active
MTL,Kaitlin Willoughby,F,active
MTL,Erin Ambrose,D,active
MTL,Amanda Boulier,D,active
MTL,Maggie Flaherty,D,active
MTL,Jessica Digirolamo,D,active
MTL,Nicole Gosling,D,active
MTL,Kelly-Ann Nadeau,D,active
MTL,Kati Tabin,D,active
MTL,Sandra Abstreiter,G,active
MTL,Ann-Renée Desbiens,G,active
MTL,Megan Warrener,G,active
NY,Anna Bargman,F,active
NY,Anne Cherkowski,F,active
NY,Emmy Fecteau,F,active
NY,Sarah Fillier,F,active
NY,Taylor Girard,F,active
NY,Elle Hartje,F,active
NY,Kristýna Kaltounková,F,active
NY,Paetyn Levis,F,active
NY,Savannah Norcross,F,active
NY,Casey O'Brien,F,active
NY,Kristin O'Neill,F,active
NY,Kayla Vespa,F,active
NY,Maddi Wheeler,F,active
NY,Lauren Bernard,D,active
NY,Jaime Bourbonnais,D,active
NY,Maja Nylén Persson,D,active
NY,Jincy Roese,D,active
NY,Allyson Simpson,D,active
NY,Nicole Vallario,D,active
NY,Micah Zandee-Hart,D,active
NY,Kaley Doyle,G,active
NY,Kayle Osborne,G,active
NY,Callie Shanahan,G,active
OTT,Emily Clark,F,active
OTT,Peyton Hemp,F,active
OTT,Taylor House,F,active
OTT,Gabbie Hughes,F,active
OTT,Brianne Jenner,F,active
OTT,Fanuza Kadirova,F,active
OTT,Rebecca Leslie,F,active
OTT,Mannon McMahon,F,active
OTT,Anna Meixner,F,active
OTT,Kateřina Mrázová,F,active
OTT,Anna Shokhina,F,active
OTT,Alexa Vasko,F,active
OTT,Sarah Wozniewicz,F,active
OTT,Rory Guilday,D,active
OTT,Brooke Hobson,D,active
OTT,Sam Isbell,D,active
OTT,Jocelyne Larocque,D,active
OTT,Stephanie Markowski,D,active
OTT,Kathryn Reilly,D,active
OTT,Ronja Savolainen,D,active
OTT,Sanni Ahola,G,active
OTT,Gwyneth Philips,G,active
OTT,Kendra Woodland,G,active
SEA,Lexie Adzija,F,active
SEA,Hannah Bilka,F,active
SEA,Brooke Bryant,F,active
SEA,Jenna Buglioni,F,active
SEA,Alex Carpenter,F,active
SEA,Lily Delianedis,F,active
SEA,Jessie Eldridge,F,active
SEA,Julia Gosling,F,active
SEA,Mikyla Grant-Mentis,F,active
SEA,Hilary Knight,F,active
SEA,Danielle Serdachny,F,active
SEA,Natalie Snodgrass,F,active
SEA,Marah Wagner,F,active
SEA,Cayla Barnes,D,active
SEA,Emily Brown,D,active
SEA,Megan Carter,D,active
SEA,Mariah Keopple,D,active
SEA,Lyndie Lobdell,D,active
SEA,Aneta Tejralová,D,active
SEA,Anna Wilgren,D,active
SEA,Carly Jackson,G,active
SEA,Hannah Murphy,G,active
SEA,Corinne Schroeder,G,active
TOR,Jesse Compher,F,active
TOR,Maggie Connors,F,active
TOR,Claire Dalton,F,active
TOR,Clair DeGeorge,F,active
TOR,Emma Gentry,F,active
TOR,Sara Hjalmarsson,F,active
TOR,Emma Maltais,F,active
TOR,Natalie Spooner,F,active
TOR,Blayre Turnbull,F,active
TOR,Clara Van Wieren,F,active
TOR,Daryl Watts,F,active
TOR,Emma Woods,F,active
TOR,Kiara Zanon,F,active
TOR,Renata Fast,D,active
TOR,Kali Flanagan,D,active
TOR,Savannah Harmon,D,active
TOR,Anna Kjellbin,D,active
TOR,Jess Kondas,D,active
TOR,Allie Munroe,D,active
TOR,Ella Shelton,D,active
TOR,Elaine Chuli,G,active
TOR,Raygan Kirk,G,active
TOR,Jessie McPherson,G,active
VAN,Abby Boreen,F,active
VAN,Michela Cava,F,active
VAN,Katie Chan,F,active
VAN,Izzy Daniel,F,active
VAN,Jenn Gardiner,F,active
VAN,Michelle Karvinen,F,active
VAN,Darcie Lappan,F,active
VAN,Brooke McQuigge,F,active
VAN,Hannah Miller,F,active
VAN,Sarah Nurse,F,active
VAN,Gabby Rosenthal,F,active
VAN,Anna Segedi,F,active
VAN,Tereza Vanišová,F,active
VAN,Sydney Bard,D,active
VAN,Ashton Bell,D,active
VAN,Mellissa Channell-Watkins,D,active
VAN,Emma Greco,D,active
VAN,Sophie Jaques,D,active
VAN,Madison Samoskevich,D,active
VAN,Claire Thompson,D,active
VAN,Kristen Campbell,G,active
VAN,Emerance Maschmeyer,G,active
VAN,Kimberly Newell,G,active

